town_name,shared_tap_count,time_in_queue,taps_to_install
Rural,3,539,17
Rural,2,538,17
Rural,1,537,17
Zuri,1,537,17
Rural,3,535,17
Lusaka,1,534,17
Rural,2,534,17
Rural,5,533,17
Rural,2,532,17
Rural,2,531,17
Rural,2,530,17
Rural,4,529,17
Rural,4,528,17
Rural,1,527,17
Rural,2,526,17
Rural,3,525,17
Rural,1,524,17
Rural,2,523,17
Rural,2,522,17
Asmara,1,522,17
Bello,1,522,17
Asmara,1,521,17
Rural,1,521,17
Kintampo,1,520,17
Rural,3,520,17
Rural,3,518,17
Zuri,1,518,17
Asmara,1,517,17
Rural,2,516,17
Pwani,1,516,17
Dahabu,1,515,17
Zuri,1,515,17
Rural,3,515,17
Rural,2,514,17
Rural,2,513,17
Zuri,2,513,17
Rural,2,512,17
Kofi,1,512,17
Rural,2,511,17
Bello,1,510,17
Rural,1,510,17
Zuri,1,510,17
Abidjan,1,509,16
Rural,4,509,16
Rural,3,508,16
Rural,1,507,16
Zuri,1,507,16
Rural,3,506,16
Bello,1,505,16
Isiqalo,1,505,16
Rural,4,504,16
Rural,2,503,16
Asmara,1,503,16
Kintampo,1,502,16
Rural,2,502,16
Rural,1,501,16
Bello,1,501,16
Rural,1,500,16
Mrembo,1,500,16
Rural,4,499,16
Rural,2,498,16
Rural,2,497,16
Dahabu,1,497,16
Harare,1,496,16
Rural,1,496,16
Bello,1,496,16
Zuri,1,496,16
Rural,2,495,16
Zuri,1,495,16
Rural,2,494,16
Zuri,1,494,16
Kofi,1,493,16
Zuri,1,492,16
Rural,1,492,16
Asmara,1,491,16
Cheche,1,491,16
Kofi,1,491,16
Lusaka,1,490,16
Rural,2,490,16
Rural,2,489,16
Asmara,1,488,16
Rural,2,488,16
Amina,2,487,16
Rural,1,487,16
Rural,2,486,16
Amina,1,485,16
Rural,1,483,16
Rural,2,482,16
Isiqalo,1,482,16
Rural,2,481,16
Isiqalo,1,481,16
Cheche,1,481,16
Rural,5,480,16
Rural,3,479,15
Amina,1,479,15
Dahabu,1,479,15
Rural,2,478,15
Rural,3,477,15
Rural,5,476,15
Rural,5,475,15
Serowe,1,475,15
Lusaka,1,474,15
Rural,2,474,15
Rural,2,473,15
Abidjan,1,473,15
Rural,2,472,15
Rural,3,471,15
Yaounde,1,471,15
Rural,1,470,15
Zuri,2,470,15
Rural,5,469,15
Asmara,1,468,15
Rural,2,468,15
Isiqalo,1,467,15
Rural,3,467,15
Lusaka,1,466,15
Rural,2,466,15
Rural,1,465,15
Rural,5,464,15
Ilanga,1,464,15
Rural,1,463,15
Majengo,1,463,15
Rural,5,461,15
Rural,4,460,15
Zuri,1,460,15
Asmara,1,459,15
Dahabu,1,459,15
Rural,1,459,15
Rural,1,458,15
Rural,4,457,15
Zuri,1,457,15
Dahabu,1,456,15
Rural,2,456,15
Rural,3,455,15
Rural,2,454,15
Abidjan,1,454,15
Dahabu,1,454,15
Cheche,1,454,15
Rural,4,453,15
Zuri,1,453,15
Rural,5,451,15
Rural,3,450,15
Abidjan,1,450,15
Rural,4,449,14
Abidjan,1,449,14
Amara,1,449,14
Asmara,1,448,14
Rural,1,447,14
Rural,2,446,14
Pwani,1,445,14
Rural,2,445,14
Zuri,1,445,14
Rural,3,444,14
Rural,4,443,14
Zuri,1,443,14
Rural,4,442,14
Pwani,1,442,14
Rural,2,441,14
Zuri,1,441,14
Rural,2,440,14
Rural,1,439,14
Bello,2,439,14
Cheche,1,439,14
Rural,3,438,14
Asmara,1,437,14
Rural,5,437,14
Rural,2,436,14
Rural,2,435,14
Rural,4,434,14
Rural,1,433,14
Isiqalo,1,433,14
Mrembo,1,433,14
Rural,1,432,14
Rural,5,431,14
Bello,1,431,14
Harare,1,430,14
Rural,3,430,14
Zuri,1,430,14
Rural,5,429,14
Amara,1,429,14
Amina,1,428,14
Rural,3,428,14
Zuri,2,428,14
Rural,4,427,14
Bello,1,427,14
Rural,1,426,14
Dahabu,1,426,14
Rural,1,425,14
Rural,4,424,14
Lusaka,1,423,14
Rural,2,423,14
Asmara,1,423,14
Bello,1,423,14
Rural,6,422,14
Marang,1,422,14
Rural,2,421,14
Abidjan,1,421,14
Rural,3,420,14
Rural,6,419,13
Asmara,1,419,13
Djenne,1,419,13
Rural,1,418,13
Rural,4,417,13
Amina,1,417,13
Rural,1,416,13
Rural,1,415,13
Mrembo,1,415,13
Rural,2,414,13
Zuri,2,414,13
Rural,3,413,13
Harare,1,413,13
Rural,1,412,13
Bello,1,412,13
Asmara,1,411,13
Rural,3,411,13
Rural,7,410,13
Amina,1,410,13
Lusaka,1,409,13
Asmara,1,409,13
Rural,3,409,13
Bahari,1,409,13
Asmara,1,408,13
Rural,2,407,13
Rural,4,406,13
Rural,3,405,13
Asmara,1,405,13
Zuri,1,405,13
Rural,3,404,13
Zuri,1,404,13
Rural,3,403,13
Asmara,1,402,13
Rural,3,402,13
Rural,3,401,13
Pwani,1,401,13
Mrembo,1,401,13
Harare,1,400,13
Abidjan,1,400,13
Rural,2,400,13
Rural,3,399,13
Rural,3,398,13
Rural,4,397,13
Zuri,1,397,13
Rural,5,396,13
Rural,6,395,13
Abidjan,1,395,13
Isiqalo,1,395,13
Zuri,1,395,13
Asmara,1,393,13
Rural,7,393,13
Rural,2,392,13
Asmara,1,392,13
Rural,11,391,13
Asmara,1,391,13
Bello,2,391,13
Isiqalo,1,391,13
Rural,5,390,13
Dahabu,1,390,13
Rural,6,389,12
Zuri,2,389,12
Rural,7,388,12
Dahabu,1,388,12
Amara,1,388,12
Harare,1,387,12
Rural,6,387,12
Abidjan,1,387,12
Amina,1,387,12
Rural,4,386,12
Zuri,1,386,12
Rural,4,385,12
Zuri,2,385,12
Rural,5,384,12
Zuri,2,384,12
Rural,3,383,12
Rural,6,382,12
Abidjan,1,382,12
Bello,1,382,12
Zuri,1,382,12
Rural,9,381,12
Bello,1,381,12
Rural,10,380,12
Asmara,2,380,12
Harare,1,380,12
Rural,4,379,12
Rural,4,378,12
Zuri,2,378,12
Rural,9,377,12
Dahabu,2,377,12
Zanzibar,1,377,12
Rural,6,376,12
Abidjan,1,376,12
Bello,1,376,12
Cheche,1,376,12
Rural,1,375,12
Rural,7,374,12
Zuri,1,374,12
Rural,6,373,12
Isiqalo,1,373,12
Zuri,2,373,12
Rural,8,372,12
Deka,1,372,12
Marang,1,372,12
Rural,9,371,12
Abidjan,2,371,12
Mrembo,1,371,12
Rural,9,370,12
Harare,1,369,12
Kintampo,1,369,12
Rural,5,369,12
Abidjan,1,369,12
Amara,1,369,12
Harare,1,368,12
Rural,6,368,12
Zuri,2,368,12
Cheche,1,368,12
Rural,4,367,12
Kofi,1,367,12
Marang,1,367,12
Rural,14,366,12
Asmara,1,366,12
Zuri,2,366,12
Kofi,1,366,12
Abidjan,1,365,12
Asmara,1,365,12
Pwani,1,365,12
Rural,2,364,12
Mrembo,1,364,12
Zuri,1,364,12
Rural,5,363,12
Zuri,2,363,12
Lusaka,1,362,12
Rural,7,362,12
Asmara,1,362,12
Mrembo,1,362,12
Zuri,2,362,12
Harare,1,361,12
Rural,5,361,12
Mrembo,1,361,12
Rural,6,360,12
Pwani,1,360,12
Rural,6,359,11
Dahabu,1,359,11
Kintampo,1,358,11
Rural,6,358,11
Pwani,1,358,11
Rural,3,357,11
Asmara,1,357,11
Amara,1,357,11
Zuri,1,357,11
Rural,4,356,11
Kintampo,1,355,11
Rural,7,355,11
Asmara,1,355,11
Rural,13,354,11
Asmara,2,354,11
Harare,1,353,11
Rural,11,353,11
Bello,1,353,11
Zanzibar,1,353,11
Zuri,1,353,11
Rural,13,352,11
Amina,1,352,11
Rural,11,351,11
Amina,1,351,11
Bello,1,351,11
Zuri,1,351,11
Rural,8,350,11
Dahabu,1,350,11
Zuri,1,350,11
Ilanga,1,350,11
Abidjan,1,349,11
Bello,1,349,11
Pwani,1,349,11
Rural,6,349,11
Isiqalo,1,349,11
Rural,7,348,11
Asmara,1,348,11
Dahabu,1,348,11
Zuri,1,348,11
Majengo,1,348,11
Rural,11,347,11
Dahabu,2,347,11
Zuri,1,347,11
Rural,7,346,11
Zuri,2,346,11
Rural,13,345,11
Abidjan,1,345,11
Mrembo,1,345,11
Ilanga,1,345,11
Dahabu,1,344,11
Pwani,2,344,11
Mrembo,1,344,11
Rural,1,344,11
Zuri,2,344,11
Harare,1,343,11
Rural,8,343,11
Zuri,1,343,11
Kofi,1,343,11
Rural,5,342,11
Pwani,1,342,11
Lusaka,1,341,11
Rural,6,341,11
Majengo,1,341,11
Rural,11,340,11
Abidjan,1,340,11
Asmara,1,340,11
Zuri,3,340,11
Rural,10,339,11
Zuri,2,339,11
Kintampo,1,338,11
Bello,1,338,11
Rural,7,338,11
Rural,9,337,11
Dahabu,1,337,11
Deka,1,337,11
Zuri,1,337,11
Abidjan,1,336,11
Rural,8,336,11
Zuri,1,336,11
Rural,4,335,11
Amara,1,335,11
Zuri,3,335,11
Majengo,1,335,11
Marang,1,335,11
Rural,8,334,11
Dahabu,1,334,11
Amina,1,334,11
Rural,5,333,11
Asmara,1,333,11
Bello,1,333,11
Amara,1,333,11
Zuri,1,333,11
Rural,11,332,11
Bello,1,332,11
Mrembo,1,332,11
Zuri,1,332,11
Rural,11,331,11
Asmara,1,331,11
Isiqalo,1,331,11
Cheche,1,331,11
Rural,11,330,11
Amina,1,330,11
Isiqalo,1,330,11
Rural,8,329,10
Amina,2,329,10
Mrembo,1,329,10
Zuri,2,329,10
Lusaka,1,328,10
Rural,9,328,10
Abidjan,1,328,10
Dahabu,1,328,10
Zuri,2,328,10
Rural,16,327,10
Asmara,1,327,10
Zuri,1,327,10
Rural,14,326,10
Asmara,1,326,10
Harare,1,326,10
Zuri,1,326,10
Rural,6,325,10
Harare,1,325,10
Rural,12,324,10
Kofi,1,324,10
Marang,1,324,10
Kintampo,1,323,10
Rural,8,323,10
Abidjan,1,323,10
Asmara,1,323,10
Amina,1,323,10
Zuri,3,323,10
Kofi,1,323,10
Rural,7,322,10
Abidjan,2,322,10
Amina,1,322,10
Pwani,1,322,10
Rural,7,321,10
Asmara,1,321,10
Bello,1,321,10
Pwani,1,321,10
Amara,1,321,10
Zuri,2,321,10
Rural,7,320,10
Amina,1,320,10
Zuri,1,320,10
Rural,14,319,10
Pwani,1,319,10
Zanzibar,1,319,10
Isiqalo,1,319,10
Kofi,1,319,10
Rural,12,318,10
Abidjan,1,318,10
Bello,1,318,10
Pwani,1,318,10
Zanzibar,1,318,10
Zuri,2,318,10
Lusaka,1,317,10
Rural,10,317,10
Bello,1,317,10
Zuri,1,317,10
Majengo,1,317,10
Rural,10,316,10
Bello,2,316,10
Dahabu,1,316,10
Isiqalo,1,316,10
Zuri,3,316,10
Majengo,1,316,10
Rural,5,315,10
Asmara,1,315,10
Bello,2,315,10
Dahabu,1,315,10
Majengo,1,315,10
Rural,13,314,10
Bello,1,314,10
Dahabu,1,314,10
Amina,1,314,10
Zuri,2,314,10
Kofi,1,314,10
Lusaka,1,313,10
Rural,8,313,10
Abidjan,1,313,10
Dahabu,1,313,10
Amina,1,313,10
Zuri,2,313,10
Rural,12,312,10
Bello,1,312,10
Djenne,1,312,10
Rural,13,311,10
Pwani,1,311,10
Zuri,3,311,10
Kofi,1,311,10
Lusaka,1,310,10
Rural,13,310,10
Dahabu,2,310,10
Rural,11,309,10
Bello,1,309,10
Pwani,1,309,10
Zuri,1,309,10
Kintampo,1,308,10
Rural,12,308,10
Zuri,1,308,10
Cheche,1,308,10
Rural,11,307,10
Zuri,2,307,10
Rural,10,306,10
Asmara,2,306,10
Bello,1,306,10
Dahabu,1,306,10
Pwani,1,306,10
Zuri,1,306,10
Rural,7,305,10
Dahabu,1,305,10
Zuri,1,305,10
Rural,14,304,10
Abidjan,1,304,10
Amina,1,304,10
Asmara,1,304,10
Bello,1,304,10
Djenne,1,304,10
Zuri,1,304,10
Cheche,1,304,10
Rural,16,303,10
Asmara,1,303,10
Dahabu,1,303,10
Mrembo,1,303,10
Zuri,2,303,10
Kintampo,1,302,10
Rural,13,302,10
Bello,2,302,10
Amara,1,302,10
Zuri,3,302,10
Bahari,1,302,10
Rural,10,301,10
Abidjan,1,301,10
Zuri,2,301,10
Rural,8,300,10
Asmara,1,300,10
Pwani,1,300,10
Zuri,1,300,10
Rural,18,299,9
Abidjan,2,299,9
Pwani,2,299,9
Mrembo,1,299,9
Marang,1,299,9
Lusaka,2,298,9
Rural,11,298,9
Pwani,1,298,9
Deka,1,298,9
Serowe,1,298,9
Zuri,1,298,9
Kintampo,1,297,9
Rural,9,297,9
Bello,2,297,9
Deka,1,297,9
Mrembo,1,297,9
Zuri,2,297,9
Rural,11,296,9
Dahabu,1,296,9
Zuri,1,296,9
Harare,1,295,9
Rural,12,295,9
Asmara,1,295,9
Bello,2,295,9
Pwani,1,295,9
Djenne,1,295,9
Zuri,3,295,9
Rural,19,294,9
Asmara,1,294,9
Dahabu,1,294,9
Zuri,1,294,9
Majengo,1,294,9
Rural,12,293,9
Amina,1,293,9
Asmara,2,293,9
Bello,2,293,9
Dahabu,2,293,9
Isiqalo,1,293,9
Zuri,2,293,9
Kofi,1,293,9
Marang,1,293,9
Harare,1,292,9
Rural,15,292,9
Asmara,1,292,9
Bello,1,292,9
Dahabu,1,292,9
Pwani,1,292,9
Isiqalo,1,292,9
Zuri,3,292,9
Harare,1,291,9
Rural,12,291,9
Asmara,2,291,9
Dahabu,1,291,9
Mrembo,1,291,9
Zuri,1,291,9
Rural,14,290,9
Abidjan,1,290,9
Ilanga,1,290,9
Rural,10,289,9
Abidjan,1,289,9
Asmara,1,289,9
Djenne,1,289,9
Amara,1,289,9
Rural,11,288,9
Abidjan,1,288,9
Amina,1,288,9
Zanzibar,1,288,9
Amara,1,288,9
Zuri,1,288,9
Rural,17,287,9
Asmara,3,287,9
Bello,2,287,9
Dahabu,1,287,9
Pwani,1,287,9
Amina,1,287,9
Deka,2,287,9
Amara,2,287,9
Zuri,4,287,9
Marang,1,287,9
Rural,12,286,9
Bello,3,286,9
Dahabu,2,286,9
Zuri,1,286,9
Kofi,1,286,9
Kintampo,1,285,9
Lusaka,1,285,9
Rural,20,285,9
Asmara,1,285,9
Dahabu,1,285,9
Pwani,1,285,9
Zuri,1,285,9
Rural,16,284,9
Bello,1,284,9
Dahabu,1,284,9
Pwani,2,284,9
Djenne,1,284,9
Lusaka,1,283,9
Rural,11,283,9
Bello,1,283,9
Dahabu,1,283,9
Pwani,1,283,9
Zuri,1,283,9
Rural,11,282,9
Abidjan,1,282,9
Amina,1,282,9
Asmara,2,282,9
Zuri,1,282,9
Rural,30,281,9
Amina,2,281,9
Asmara,1,281,9
Dahabu,3,281,9
Zuri,2,281,9
Marang,1,281,9
Rural,20,280,9
Asmara,1,280,9
Bello,1,280,9
Dahabu,1,280,9
Pwani,1,280,9
Mrembo,1,280,9
Zuri,3,280,9
Rural,14,279,9
Abidjan,1,279,9
Amina,1,279,9
Bello,2,279,9
Isiqalo,1,279,9
Zuri,2,279,9
Kintampo,1,278,9
Rural,15,278,9
Bello,1,278,9
Pwani,1,278,9
Zuri,3,278,9
Rural,19,277,9
Abidjan,2,277,9
Asmara,1,277,9
Pwani,1,277,9
Zuri,2,277,9
Kintampo,1,276,9
Rural,23,276,9
Asmara,2,276,9
Dahabu,1,276,9
Pwani,1,276,9
Amara,1,276,9
Isiqalo,1,276,9
Zuri,1,276,9
Kintampo,1,275,9
Rural,22,275,9
Dahabu,1,275,9
Pwani,1,275,9
Amara,1,275,9
Mrembo,1,275,9
Zuri,2,275,9
Majengo,2,275,9
Kintampo,1,274,9
Rural,22,274,9
Dahabu,1,274,9
Isiqalo,1,274,9
Zuri,1,274,9
Rural,26,273,9
Amina,2,273,9
Bello,1,273,9
Pwani,1,273,9
Deka,1,273,9
Amara,1,273,9
Zuri,1,273,9
Rural,15,272,9
Dahabu,1,272,9
Pwani,1,272,9
Zuri,1,272,9
Lusaka,1,271,9
Rural,19,271,9
Asmara,3,271,9
Dahabu,1,271,9
Pwani,1,271,9
Amara,1,271,9
Zuri,3,271,9
Kintampo,1,270,9
Lusaka,1,270,9
Rural,24,270,9
Asmara,2,270,9
Dahabu,1,270,9
Isiqalo,1,270,9
Lusaka,1,269,8
Rural,23,269,8
Abidjan,1,269,8
Amina,1,269,8
Asmara,1,269,8
Dahabu,2,269,8
Mrembo,1,269,8
Zuri,3,269,8
Harare,2,268,8
Rural,20,268,8
Abidjan,2,268,8
Asmara,4,268,8
Bello,1,268,8
Dahabu,2,268,8
Deka,1,268,8
Isiqalo,2,268,8
Zuri,2,268,8
Kintampo,1,267,8
Rural,16,267,8
Amina,1,267,8
Zuri,2,267,8
Kofi,1,267,8
Rural,16,266,8
Abidjan,2,266,8
Asmara,2,266,8
Pwani,1,266,8
Isiqalo,1,266,8
Zuri,1,266,8
Cheche,1,266,8
Rural,19,265,8
Amina,1,265,8
Asmara,2,265,8
Dahabu,1,265,8
Yaounde,1,265,8
Harare,1,265,8
Isiqalo,1,265,8
Zuri,5,265,8
Rural,15,264,8
Abidjan,1,264,8
Asmara,1,264,8
Zanzibar,1,264,8
Isiqalo,2,264,8
Zuri,4,264,8
Rural,33,263,8
Abidjan,1,263,8
Asmara,1,263,8
Dahabu,1,263,8
Serowe,1,263,8
Zuri,3,263,8
Marang,1,263,8
Lusaka,1,262,8
Rural,21,262,8
Dahabu,1,262,8
Djenne,1,262,8
Serowe,1,262,8
Zuri,3,262,8
Harare,1,261,8
Rural,21,261,8
Dahabu,2,261,8
Majengo,1,261,8
Rural,20,260,8
Bello,2,260,8
Dahabu,1,260,8
Mrembo,1,260,8
Zuri,7,260,8
Bahari,1,260,8
Kintampo,1,259,8
Rural,28,259,8
Amina,1,259,8
Asmara,2,259,8
Zuri,3,259,8
Kintampo,1,258,8
Rural,15,258,8
Abidjan,1,258,8
Asmara,2,258,8
Djenne,1,258,8
Mrembo,2,258,8
Zuri,1,258,8
Majengo,1,258,8
Harare,1,257,8
Rural,16,257,8
Abidjan,1,257,8
Asmara,1,257,8
Bello,2,257,8
Dahabu,2,257,8
Djenne,1,257,8
Serowe,1,257,8
Zuri,1,257,8
Rural,14,256,8
Asmara,3,256,8
Bello,2,256,8
Pwani,1,256,8
Mrembo,1,256,8
Kofi,1,256,8
Harare,1,255,8
Lusaka,1,255,8
Rural,28,255,8
Asmara,2,255,8
Dahabu,1,255,8
Pwani,1,255,8
Zuri,5,255,8
Majengo,1,255,8
Harare,1,254,8
Rural,17,254,8
Amina,1,254,8
Bello,2,254,8
Zuri,1,254,8
Cheche,1,254,8
Kintampo,1,253,8
Rural,22,253,8
Asmara,1,253,8
Pwani,1,253,8
Deka,1,253,8
Djenne,1,253,8
Zuri,4,253,8
Rural,21,252,8
Abidjan,2,252,8
Asmara,1,252,8
Pwani,2,252,8
Zuri,2,252,8
Harare,1,251,8
Kintampo,1,251,8
Lusaka,1,251,8
Rural,30,251,8
Abidjan,1,251,8
Amina,1,251,8
Asmara,2,251,8
Deka,1,251,8
Serowe,1,251,8
Isiqalo,2,251,8
Zuri,1,251,8
Rural,33,250,8
Amina,1,250,8
Asmara,1,250,8
Isiqalo,1,250,8
Zuri,2,250,8
Rural,27,249,8
Asmara,3,249,8
Bello,2,249,8
Dahabu,2,249,8
Zanzibar,1,249,8
Zuri,5,249,8
Kofi,1,249,8
Rural,34,248,8
Amina,2,248,8
Asmara,1,248,8
Bello,2,248,8
Pwani,1,248,8
Isiqalo,1,248,8
Mrembo,1,248,8
Zuri,1,248,8
Rural,27,247,8
Abidjan,1,247,8
Asmara,2,247,8
Bello,2,247,8
Amara,1,247,8
Zuri,5,247,8
Kofi,1,247,8
Harare,2,246,8
Rural,25,246,8
Abidjan,1,246,8
Asmara,1,246,8
Pwani,2,246,8
Zuri,1,246,8
Cheche,1,246,8
Lusaka,2,245,8
Rural,21,245,8
Abidjan,1,245,8
Bello,1,245,8
Dahabu,1,245,8
Pwani,1,245,8
Isiqalo,1,245,8
Mrembo,1,245,8
Zuri,4,245,8
Kofi,1,245,8
Rural,30,244,8
Amina,2,244,8
Dahabu,1,244,8
Pwani,3,244,8
Djenne,1,244,8
Amara,1,244,8
Harare,1,244,8
Isiqalo,1,244,8
Zuri,5,244,8
Lusaka,1,243,8
Rural,32,243,8
Asmara,1,243,8
Bello,1,243,8
Dahabu,2,243,8
Zuri,3,243,8
Rural,22,242,8
Abidjan,1,242,8
Amina,1,242,8
Serowe,1,242,8
Amara,1,242,8
Harare,1,242,8
Isiqalo,1,242,8
Mrembo,1,242,8
Zuri,5,242,8
Bahari,1,242,8
Kofi,1,242,8
Rural,28,241,8
Abidjan,2,241,8
Amara,2,241,8
Zuri,2,241,8
Harare,9,240,8
Kintampo,5,240,8
Lusaka,7,240,8
Rural,572,240,8
Abidjan,10,240,8
Amina,13,240,8
Asmara,23,240,8
Bello,16,240,8
Dahabu,22,240,8
Pwani,17,240,8
Deka,1,240,8
Djenne,4,240,8
Serowe,2,240,8
Yaounde,1,240,8
Zanzibar,2,240,8
Amara,5,240,8
Isiqalo,8,240,8
Mrembo,7,240,8
Zuri,62,240,8
Bahari,1,240,8
Cheche,3,240,8
Ilanga,1,240,8
Kofi,4,240,8
Majengo,2,240,8
Marang,6,240,8
Harare,1,239,7
Lusaka,1,239,7
Rural,35,239,7
Abidjan,3,239,7
Asmara,3,239,7
Bello,1,239,7
Dahabu,1,239,7
Pwani,4,239,7
Djenne,1,239,7
Amara,1,239,7
Isiqalo,1,239,7
Zuri,5,239,7
Rural,32,238,7
Amina,1,238,7
Bello,1,238,7
Amara,1,238,7
Isiqalo,1,238,7
Zuri,3,238,7
Kofi,1,238,7
Harare,1,237,7
Rural,43,237,7
Abidjan,3,237,7
Amina,1,237,7
Bello,6,237,7
Dahabu,3,237,7
Pwani,1,237,7
Amara,1,237,7
Isiqalo,1,237,7
Zuri,6,237,7
Cheche,1,237,7
Harare,1,236,7
Kintampo,2,236,7
Rural,40,236,7
Asmara,3,236,7
Bello,2,236,7
Dahabu,2,236,7
Zuri,1,236,7
Cheche,1,236,7
Kofi,1,236,7
Rural,35,235,7
Asmara,2,235,7
Bello,2,235,7
Dahabu,1,235,7
Pwani,1,235,7
Serowe,1,235,7
Mrembo,1,235,7
Zuri,5,235,7
Kofi,1,235,7
Majengo,1,235,7
Lusaka,2,234,7
Rural,27,234,7
Abidjan,1,234,7
Amina,2,234,7
Asmara,1,234,7
Mrembo,1,234,7
Zuri,3,234,7
Majengo,1,234,7
Marang,1,234,7
Kintampo,1,233,7
Rural,37,233,7
Abidjan,1,233,7
Asmara,3,233,7
Bello,2,233,7
Deka,1,233,7
Amara,1,233,7
Isiqalo,1,233,7
Zuri,1,233,7
Rural,60,232,7
Abidjan,2,232,7
Bello,2,232,7
Dahabu,2,232,7
Pwani,1,232,7
Isiqalo,2,232,7
Zuri,6,232,7
Kofi,1,232,7
Rural,34,231,7
Amina,2,231,7
Asmara,1,231,7
Bello,2,231,7
Zuri,5,231,7
Rural,38,230,7
Abidjan,1,230,7
Bello,1,230,7
Dahabu,1,230,7
Amina,1,230,7
Deka,1,230,7
Djenne,1,230,7
Zuri,2,230,7
Kofi,1,230,7
Majengo,2,230,7
Harare,1,229,7
Rural,39,229,7
Abidjan,1,229,7
Asmara,4,229,7
Bello,3,229,7
Amara,1,229,7
Zuri,8,229,7
Majengo,1,229,7
Harare,2,228,7
Rural,41,228,7
Asmara,1,228,7
Bello,2,228,7
Dahabu,1,228,7
Pwani,3,228,7
Amara,3,228,7
Mrembo,3,228,7
Zuri,6,228,7
Marang,1,228,7
Lusaka,1,227,7
Rural,46,227,7
Abidjan,2,227,7
Asmara,2,227,7
Bello,2,227,7
Dahabu,2,227,7
Amina,1,227,7
Amara,1,227,7
Mrembo,1,227,7
Zuri,3,227,7
Ilanga,1,227,7
Kofi,1,227,7
Harare,1,226,7
Rural,41,226,7
Abidjan,1,226,7
Asmara,4,226,7
Dahabu,2,226,7
Pwani,1,226,7
Amara,1,226,7
Zuri,7,226,7
Kofi,1,226,7
Rural,40,225,7
Abidjan,1,225,7
Amina,1,225,7
Asmara,3,225,7
Bello,1,225,7
Pwani,2,225,7
Deka,2,225,7
Djenne,1,225,7
Serowe,1,225,7
Mrembo,1,225,7
Zuri,3,225,7
Kofi,1,225,7
Kintampo,1,224,7
Lusaka,1,224,7
Rural,38,224,7
Asmara,1,224,7
Bello,1,224,7
Dahabu,5,224,7
Zanzibar,1,224,7
Harare,1,224,7
Mrembo,2,224,7
Zuri,4,224,7
Kofi,1,224,7
Rural,35,223,7
Abidjan,1,223,7
Asmara,1,223,7
Bello,2,223,7
Zuri,7,223,7
Rural,51,222,7
Amina,1,222,7
Asmara,1,222,7
Bello,1,222,7
Dahabu,2,222,7
Yaounde,1,222,7
Zanzibar,1,222,7
Amara,1,222,7
Harare,1,222,7
Mrembo,1,222,7
Zuri,5,222,7
Kofi,1,222,7
Kintampo,1,221,7
Lusaka,1,221,7
Rural,44,221,7
Amina,1,221,7
Dahabu,3,221,7
Pwani,3,221,7
Zuri,4,221,7
Majengo,1,221,7
Marang,1,221,7
Kintampo,1,220,7
Rural,39,220,7
Abidjan,1,220,7
Amina,3,220,7
Asmara,2,220,7
Bello,3,220,7
Dahabu,3,220,7
Pwani,3,220,7
Djenne,1,220,7
Harare,2,220,7
Zuri,6,220,7
Kofi,1,220,7
Majengo,1,220,7
Marang,1,220,7
Rural,50,219,7
Abidjan,1,219,7
Amina,1,219,7
Asmara,2,219,7
Bello,3,219,7
Zanzibar,1,219,7
Isiqalo,1,219,7
Zuri,1,219,7
Kintampo,1,218,7
Rural,49,218,7
Abidjan,1,218,7
Amina,2,218,7
Asmara,4,218,7
Bello,1,218,7
Pwani,1,218,7
Djenne,1,218,7
Zuri,3,218,7
Kofi,2,218,7
Lusaka,1,217,7
Rural,36,217,7
Amina,2,217,7
Asmara,2,217,7
Bello,1,217,7
Dahabu,1,217,7
Zanzibar,1,217,7
Isiqalo,1,217,7
Zuri,3,217,7
Harare,2,216,7
Rural,33,216,7
Amina,1,216,7
Asmara,2,216,7
Bello,1,216,7
Dahabu,2,216,7
Amara,1,216,7
Mrembo,2,216,7
Zuri,6,216,7
Majengo,3,216,7
Harare,1,215,7
Lusaka,1,215,7
Rural,47,215,7
Asmara,4,215,7
Bello,1,215,7
Dahabu,3,215,7
Pwani,2,215,7
Zuri,7,215,7
Rural,35,214,7
Abidjan,2,214,7
Amina,2,214,7
Asmara,4,214,7
Bello,2,214,7
Dahabu,1,214,7
Pwani,1,214,7
Zuri,5,214,7
Harare,2,213,7
Rural,44,213,7
Abidjan,1,213,7
Amina,2,213,7
Asmara,4,213,7
Dahabu,1,213,7
Pwani,1,213,7
Zuri,8,213,7
Kintampo,1,212,7
Rural,48,212,7
Abidjan,1,212,7
Amina,2,212,7
Asmara,1,212,7
Dahabu,1,212,7
Zanzibar,1,212,7
Isiqalo,2,212,7
Mrembo,1,212,7
Zuri,3,212,7
Marang,2,212,7
Lusaka,1,211,7
Rural,49,211,7
Asmara,2,211,7
Bello,1,211,7
Dahabu,1,211,7
Zuri,6,211,7
Harare,1,210,7
Kintampo,1,210,7
Rural,45,210,7
Abidjan,1,210,7
Amina,1,210,7
Asmara,3,210,7
Bello,3,210,7
Dahabu,1,210,7
Pwani,2,210,7
Mrembo,2,210,7
Zuri,4,210,7
Bahari,2,210,7
Majengo,1,210,7
Harare,1,209,6
Kintampo,2,209,6
Rural,57,209,6
Abidjan,1,209,6
Bello,1,209,6
Dahabu,1,209,6
Djenne,1,209,6
Mrembo,1,209,6
Zuri,6,209,6
Cheche,1,209,6
Ilanga,1,209,6
Harare,2,208,6
Kintampo,1,208,6
Lusaka,1,208,6
Rural,46,208,6
Abidjan,2,208,6
Amina,1,208,6
Asmara,1,208,6
Bello,1,208,6
Dahabu,2,208,6
Pwani,2,208,6
Serowe,1,208,6
Isiqalo,1,208,6
Zuri,3,208,6
Cheche,1,208,6
Ilanga,1,208,6
Harare,1,207,6
Lusaka,1,207,6
Rural,54,207,6
Asmara,4,207,6
Bello,1,207,6
Dahabu,4,207,6
Pwani,1,207,6
Serowe,1,207,6
Amara,1,207,6
Zuri,5,207,6
Cheche,1,207,6
Harare,1,206,6
Rural,45,206,6
Amina,2,206,6
Asmara,3,206,6
Bello,2,206,6
Dahabu,2,206,6
Pwani,3,206,6
Deka,1,206,6
Amara,1,206,6
Zuri,5,206,6
Cheche,1,206,6
Majengo,1,206,6
Lusaka,1,205,6
Rural,54,205,6
Abidjan,2,205,6
Amina,1,205,6
Asmara,3,205,6
Bello,1,205,6
Pwani,2,205,6
Serowe,1,205,6
Zanzibar,1,205,6
Amara,2,205,6
Zuri,4,205,6
Bahari,1,205,6
Lusaka,1,204,6
Rural,41,204,6
Abidjan,1,204,6
Pwani,1,204,6
Deka,1,204,6
Zuri,3,204,6
Kofi,1,204,6
Rural,32,203,6
Amina,1,203,6
Bello,3,203,6
Dahabu,2,203,6
Pwani,1,203,6
Mrembo,1,203,6
Zuri,2,203,6
Ilanga,1,203,6
Harare,1,202,6
Kintampo,1,202,6
Rural,40,202,6
Abidjan,1,202,6
Amina,1,202,6
Asmara,4,202,6
Bello,2,202,6
Dahabu,1,202,6
Pwani,2,202,6
Deka,1,202,6
Yaounde,1,202,6
Amara,1,202,6
Mrembo,2,202,6
Zuri,3,202,6
Harare,1,201,6
Rural,43,201,6
Abidjan,2,201,6
Asmara,2,201,6
Bello,1,201,6
Dahabu,5,201,6
Pwani,1,201,6
Djenne,1,201,6
Zanzibar,1,201,6
Isiqalo,2,201,6
Mrembo,1,201,6
Zuri,6,201,6
Majengo,1,201,6
Kintampo,1,200,6
Rural,49,200,6
Asmara,5,200,6
Bello,3,200,6
Mrembo,1,200,6
Zuri,3,200,6
Ilanga,1,200,6
Kofi,1,200,6
Lusaka,3,199,6
Rural,53,199,6
Amina,1,199,6
Asmara,1,199,6
Bello,2,199,6
Dahabu,2,199,6
Pwani,1,199,6
Yaounde,1,199,6
Isiqalo,1,199,6
Zuri,4,199,6
Cheche,1,199,6
Rural,39,198,6
Asmara,2,198,6
Bello,2,198,6
Dahabu,1,198,6
Harare,1,198,6
Isiqalo,1,198,6
Mrembo,1,198,6
Zuri,5,198,6
Harare,4,197,6
Kintampo,1,197,6
Lusaka,1,197,6
Rural,38,197,6
Abidjan,2,197,6
Asmara,3,197,6
Bello,2,197,6
Pwani,1,197,6
Amina,1,197,6
Amara,3,197,6
Zuri,2,197,6
Marang,1,197,6
Lusaka,1,196,6
Rural,42,196,6
Abidjan,1,196,6
Amina,1,196,6
Asmara,1,196,6
Bello,3,196,6
Dahabu,1,196,6
Pwani,2,196,6
Mrembo,3,196,6
Zuri,3,196,6
Rural,55,195,6
Abidjan,2,195,6
Amina,2,195,6
Asmara,4,195,6
Bello,3,195,6
Dahabu,2,195,6
Deka,1,195,6
Mrembo,1,195,6
Zuri,5,195,6
Bahari,1,195,6
Marang,1,195,6
Lusaka,2,194,6
Rural,49,194,6
Amina,1,194,6
Asmara,2,194,6
Dahabu,1,194,6
Deka,2,194,6
Djenne,1,194,6
Zuri,5,194,6
Lusaka,1,193,6
Rural,50,193,6
Abidjan,1,193,6
Amina,1,193,6
Asmara,1,193,6
Bello,1,193,6
Dahabu,1,193,6
Deka,1,193,6
Harare,1,193,6
Isiqalo,1,193,6
Zuri,4,193,6
Kofi,1,193,6
Majengo,2,193,6
Harare,1,192,6
Rural,55,192,6
Abidjan,1,192,6
Asmara,2,192,6
Bello,1,192,6
Dahabu,1,192,6
Pwani,1,192,6
Djenne,1,192,6
Amara,1,192,6
Isiqalo,1,192,6
Zuri,3,192,6
Cheche,1,192,6
Marang,1,192,6
Lusaka,1,191,6
Rural,62,191,6
Dahabu,1,191,6
Zanzibar,1,191,6
Harare,1,191,6
Zuri,6,191,6
Kofi,2,191,6
Majengo,1,191,6
Harare,1,190,6
Rural,57,190,6
Asmara,2,190,6
Bello,1,190,6
Dahabu,3,190,6
Pwani,2,190,6
Djenne,1,190,6
Zuri,5,190,6
Kofi,4,190,6
Majengo,1,190,6
Kintampo,1,189,6
Lusaka,1,189,6
Rural,37,189,6
Amina,1,189,6
Asmara,4,189,6
Bello,3,189,6
Pwani,1,189,6
Deka,1,189,6
Isiqalo,1,189,6
Zuri,5,189,6
Cheche,2,189,6
Kintampo,1,188,6
Lusaka,2,188,6
Rural,36,188,6
Asmara,7,188,6
Bello,1,188,6
Dahabu,2,188,6
Pwani,1,188,6
Djenne,1,188,6
Mrembo,1,188,6
Zuri,7,188,6
Ilanga,1,188,6
Kintampo,1,187,6
Rural,53,187,6
Abidjan,1,187,6
Bello,3,187,6
Dahabu,2,187,6
Pwani,2,187,6
Zanzibar,1,187,6
Harare,1,187,6
Zuri,6,187,6
Ilanga,1,187,6
Harare,1,186,6
Rural,55,186,6
Amina,3,186,6
Asmara,1,186,6
Dahabu,2,186,6
Pwani,1,186,6
Zuri,4,186,6
Cheche,1,186,6
Majengo,1,186,6
Harare,1,185,6
Rural,61,185,6
Amina,2,185,6
Asmara,4,185,6
Dahabu,2,185,6
Pwani,2,185,6
Mrembo,1,185,6
Zuri,5,185,6
Majengo,1,185,6
Rural,53,184,6
Abidjan,1,184,6
Asmara,3,184,6
Dahabu,2,184,6
Pwani,1,184,6
Serowe,1,184,6
Amara,1,184,6
Zuri,6,184,6
Ilanga,1,184,6
Harare,1,183,6
Rural,58,183,6
Asmara,2,183,6
Bello,1,183,6
Dahabu,1,183,6
Pwani,2,183,6
Amara,1,183,6
Isiqalo,1,183,6
Zuri,9,183,6
Cheche,1,183,6
Kofi,1,183,6
Rural,66,182,6
Abidjan,1,182,6
Dahabu,1,182,6
Pwani,2,182,6
Amara,1,182,6
Mrembo,1,182,6
Zuri,6,182,6
Ilanga,2,182,6
Majengo,1,182,6
Harare,2,181,6
Kintampo,1,181,6
Rural,50,181,6
Abidjan,1,181,6
Amina,1,181,6
Asmara,4,181,6
Bello,1,181,6
Pwani,1,181,6
Zuri,5,181,6
Kofi,2,181,6
Majengo,1,181,6
Kintampo,1,180,6
Lusaka,1,180,6
Rural,60,180,6
Asmara,1,180,6
Bello,5,180,6
Dahabu,1,180,6
Pwani,2,180,6
Isiqalo,1,180,6
Zuri,3,180,6
Bahari,1,180,6
Cheche,1,180,6
Marang,1,180,6
Harare,1,179,5
Rural,69,179,5
Abidjan,2,179,5
Asmara,6,179,5
Bello,3,179,5
Dahabu,2,179,5
Deka,1,179,5
Serowe,1,179,5
Amara,1,179,5
Mrembo,1,179,5
Zuri,7,179,5
Marang,1,179,5
Kintampo,2,178,5
Rural,59,178,5
Abidjan,1,178,5
Bello,1,178,5
Pwani,1,178,5
Serowe,1,178,5
Mrembo,1,178,5
Zuri,5,178,5
Cheche,1,178,5
Kofi,1,178,5
Majengo,2,178,5
Harare,1,177,5
Rural,52,177,5
Asmara,4,177,5
Bello,5,177,5
Deka,1,177,5
Amara,4,177,5
Zuri,3,177,5
Harare,2,176,5
Kintampo,1,176,5
Lusaka,2,176,5
Rural,60,176,5
Abidjan,2,176,5
Asmara,4,176,5
Bello,1,176,5
Pwani,1,176,5
Deka,1,176,5
Djenne,1,176,5
Amara,1,176,5
Zuri,5,176,5
Cheche,1,176,5
Majengo,1,176,5
Lusaka,1,175,5
Rural,59,175,5
Amina,2,175,5
Asmara,1,175,5
Dahabu,1,175,5
Pwani,1,175,5
Djenne,1,175,5
Amara,1,175,5
Isiqalo,1,175,5
Zuri,5,175,5
Kintampo,2,174,5
Lusaka,2,174,5
Rural,62,174,5
Asmara,4,174,5
Bello,4,174,5
Dahabu,3,174,5
Pwani,2,174,5
Deka,1,174,5
Djenne,1,174,5
Zanzibar,1,174,5
Mrembo,1,174,5
Zuri,4,174,5
Kofi,1,174,5
Kintampo,1,173,5
Lusaka,1,173,5
Rural,62,173,5
Abidjan,2,173,5
Asmara,5,173,5
Bello,2,173,5
Dahabu,2,173,5
Pwani,2,173,5
Amina,1,173,5
Zuri,8,173,5
Bahari,1,173,5
Harare,1,172,5
Kintampo,2,172,5
Lusaka,1,172,5
Rural,46,172,5
Asmara,3,172,5
Bello,1,172,5
Pwani,1,172,5
Amina,1,172,5
Isiqalo,1,172,5
Zuri,9,172,5
Lusaka,1,171,5
Rural,53,171,5
Asmara,2,171,5
Pwani,2,171,5
Harare,1,171,5
Isiqalo,1,171,5
Zuri,12,171,5
Kofi,1,171,5
Kintampo,1,170,5
Lusaka,1,170,5
Rural,64,170,5
Abidjan,3,170,5
Amina,2,170,5
Asmara,1,170,5
Bello,2,170,5
Dahabu,2,170,5
Pwani,2,170,5
Isiqalo,1,170,5
Zuri,5,170,5
Majengo,1,170,5
Kintampo,2,169,5
Lusaka,1,169,5
Rural,57,169,5
Abidjan,1,169,5
Asmara,2,169,5
Bello,1,169,5
Dahabu,1,169,5
Pwani,1,169,5
Deka,1,169,5
Amara,2,169,5
Mrembo,1,169,5
Zuri,5,169,5
Ilanga,1,169,5
Rural,58,168,5
Abidjan,1,168,5
Amina,1,168,5
Asmara,5,168,5
Dahabu,1,168,5
Djenne,1,168,5
Zanzibar,1,168,5
Amara,1,168,5
Isiqalo,1,168,5
Zuri,6,168,5
Cheche,1,168,5
Majengo,1,168,5
Marang,1,168,5
Lusaka,1,167,5
Rural,67,167,5
Asmara,1,167,5
Bello,2,167,5
Dahabu,2,167,5
Pwani,1,167,5
Amina,1,167,5
Amara,1,167,5
Zuri,8,167,5
Cheche,1,167,5
Kofi,1,167,5
Lusaka,2,166,5
Rural,72,166,5
Asmara,3,166,5
Bello,2,166,5
Dahabu,2,166,5
Pwani,2,166,5
Amina,1,166,5
Mrembo,2,166,5
Zuri,8,166,5
Cheche,1,166,5
Majengo,1,166,5
Lusaka,2,165,5
Rural,62,165,5
Abidjan,1,165,5
Asmara,3,165,5
Bello,2,165,5
Dahabu,2,165,5
Pwani,1,165,5
Harare,1,165,5
Isiqalo,1,165,5
Zuri,10,165,5
Cheche,1,165,5
Kofi,1,165,5
Lusaka,1,164,5
Rural,73,164,5
Abidjan,2,164,5
Amina,4,164,5
Asmara,1,164,5
Bello,1,164,5
Dahabu,1,164,5
Pwani,1,164,5
Amara,1,164,5
Harare,1,164,5
Zuri,8,164,5
Ilanga,3,164,5
Majengo,1,164,5
Lusaka,2,163,5
Rural,75,163,5
Amina,1,163,5
Asmara,4,163,5
Bello,2,163,5
Dahabu,3,163,5
Isiqalo,1,163,5
Zuri,4,163,5
Cheche,1,163,5
Majengo,1,163,5
Lusaka,1,162,5
Rural,71,162,5
Abidjan,1,162,5
Amina,2,162,5
Asmara,2,162,5
Pwani,2,162,5
Isiqalo,1,162,5
Zuri,6,162,5
Bahari,1,162,5
Majengo,1,162,5
Harare,1,161,5
Kintampo,2,161,5
Lusaka,3,161,5
Rural,71,161,5
Abidjan,1,161,5
Amina,1,161,5
Asmara,2,161,5
Bello,1,161,5
Dahabu,3,161,5
Pwani,2,161,5
Yaounde,1,161,5
Zuri,5,161,5
Ilanga,2,161,5
Lusaka,1,160,5
Rural,54,160,5
Amina,1,160,5
Asmara,2,160,5
Bello,3,160,5
Dahabu,1,160,5
Amara,1,160,5
Mrembo,2,160,5
Zuri,3,160,5
Cheche,1,160,5
Ilanga,1,160,5
Kofi,1,160,5
Kintampo,1,159,5
Rural,60,159,5
Abidjan,2,159,5
Amina,2,159,5
Asmara,2,159,5
Bello,1,159,5
Dahabu,3,159,5
Pwani,1,159,5
Amara,2,159,5
Isiqalo,1,159,5
Zuri,10,159,5
Kofi,1,159,5
Harare,1,158,5
Lusaka,1,158,5
Rural,59,158,5
Abidjan,1,158,5
Asmara,4,158,5
Bello,2,158,5
Dahabu,6,158,5
Pwani,1,158,5
Djenne,1,158,5
Isiqalo,3,158,5
Zuri,6,158,5
Kofi,1,158,5
Lusaka,1,157,5
Rural,58,157,5
Abidjan,3,157,5
Amina,1,157,5
Asmara,1,157,5
Bello,2,157,5
Dahabu,2,157,5
Amara,1,157,5
Zuri,9,157,5
Ilanga,1,157,5
Kofi,1,157,5
Kintampo,1,156,5
Rural,48,156,5
Abidjan,1,156,5
Asmara,3,156,5
Bello,1,156,5
Dahabu,1,156,5
Pwani,3,156,5
Deka,1,156,5
Zanzibar,1,156,5
Amara,1,156,5
Mrembo,1,156,5
Zuri,2,156,5
Ilanga,2,156,5
Majengo,2,156,5
Harare,1,155,5
Rural,74,155,5
Asmara,2,155,5
Bello,3,155,5
Dahabu,2,155,5
Pwani,4,155,5
Deka,1,155,5
Zanzibar,1,155,5
Amara,1,155,5
Mrembo,1,155,5
Zuri,8,155,5
Bahari,1,155,5
Harare,2,154,5
Lusaka,1,154,5
Rural,68,154,5
Abidjan,1,154,5
Asmara,10,154,5
Bello,2,154,5
Dahabu,1,154,5
Amina,1,154,5
Zanzibar,1,154,5
Isiqalo,1,154,5
Zuri,2,154,5
Ilanga,1,154,5
Majengo,1,154,5
Rural,58,153,5
Amina,1,153,5
Asmara,7,153,5
Bello,3,153,5
Dahabu,2,153,5
Pwani,2,153,5
Djenne,1,153,5
Harare,1,153,5
Isiqalo,1,153,5
Mrembo,1,153,5
Zuri,9,153,5
Kofi,2,153,5
Majengo,1,153,5
Harare,2,152,5
Rural,53,152,5
Asmara,2,152,5
Bello,1,152,5
Dahabu,2,152,5
Pwani,1,152,5
Deka,1,152,5
Amara,1,152,5
Zuri,9,152,5
Kofi,1,152,5
Majengo,1,152,5
Kintampo,1,151,5
Lusaka,1,151,5
Rural,69,151,5
Abidjan,4,151,5
Amina,1,151,5
Asmara,3,151,5
Serowe,1,151,5
Amara,1,151,5
Harare,1,151,5
Mrembo,1,151,5
Zuri,5,151,5
Majengo,1,151,5
Harare,1,150,5
Kintampo,1,150,5
Lusaka,1,150,5
Rural,72,150,5
Abidjan,1,150,5
Asmara,1,150,5
Bello,1,150,5
Dahabu,3,150,5
Pwani,3,150,5
Amina,1,150,5
Amara,1,150,5
Isiqalo,1,150,5
Zuri,10,150,5
Cheche,1,150,5
Ilanga,1,150,5
Kintampo,1,149,4
Lusaka,2,149,4
Rural,74,149,4
Abidjan,3,149,4
Asmara,4,149,4
Bello,2,149,4
Dahabu,1,149,4
Pwani,4,149,4
Harare,1,149,4
Zuri,8,149,4
Ilanga,1,149,4
Kofi,1,149,4
Kintampo,2,148,4
Lusaka,1,148,4
Rural,65,148,4
Abidjan,3,148,4
Amina,3,148,4
Asmara,3,148,4
Bello,3,148,4
Dahabu,5,148,4
Yaounde,1,148,4
Zanzibar,1,148,4
Amara,1,148,4
Isiqalo,1,148,4
Zuri,9,148,4
Kofi,2,148,4
Harare,1,147,4
Rural,69,147,4
Abidjan,1,147,4
Amina,3,147,4
Asmara,2,147,4
Bello,1,147,4
Dahabu,2,147,4
Pwani,2,147,4
Isiqalo,2,147,4
Zuri,5,147,4
Kofi,1,147,4
Rural,71,146,4
Abidjan,2,146,4
Asmara,3,146,4
Pwani,1,146,4
Mrembo,1,146,4
Zuri,9,146,4
Ilanga,1,146,4
Kofi,1,146,4
Majengo,5,146,4
Kintampo,1,145,4
Rural,60,145,4
Abidjan,2,145,4
Asmara,1,145,4
Bello,4,145,4
Dahabu,2,145,4
Djenne,1,145,4
Amara,1,145,4
Zuri,5,145,4
Cheche,1,145,4
Rural,66,144,4
Asmara,2,144,4
Bello,4,144,4
Dahabu,2,144,4
Pwani,1,144,4
Harare,1,144,4
Isiqalo,1,144,4
Zuri,9,144,4
Cheche,1,144,4
Harare,1,143,4
Kintampo,1,143,4
Lusaka,1,143,4
Rural,68,143,4
Abidjan,2,143,4
Amina,1,143,4
Asmara,3,143,4
Bello,4,143,4
Dahabu,1,143,4
Pwani,1,143,4
Serowe,1,143,4
Mrembo,1,143,4
Zuri,7,143,4
Kofi,1,143,4
Majengo,2,143,4
Rural,75,142,4
Amina,1,142,4
Asmara,2,142,4
Bello,2,142,4
Dahabu,1,142,4
Pwani,1,142,4
Djenne,2,142,4
Mrembo,1,142,4
Zuri,9,142,4
Majengo,4,142,4
Marang,1,142,4
Harare,1,141,4
Kintampo,1,141,4
Lusaka,2,141,4
Rural,71,141,4
Abidjan,1,141,4
Asmara,4,141,4
Bello,1,141,4
Dahabu,1,141,4
Pwani,1,141,4
Deka,1,141,4
Serowe,2,141,4
Yaounde,1,141,4
Zuri,11,141,4
Ilanga,1,141,4
Marang,1,141,4
Rural,80,140,4
Abidjan,1,140,4
Amina,1,140,4
Asmara,3,140,4
Bello,2,140,4
Dahabu,1,140,4
Pwani,3,140,4
Deka,1,140,4
Amara,1,140,4
Isiqalo,1,140,4
Zuri,8,140,4
Bahari,1,140,4
Marang,1,140,4
Kintampo,1,139,4
Rural,70,139,4
Abidjan,4,139,4
Amina,1,139,4
Asmara,3,139,4
Bello,3,139,4
Pwani,1,139,4
Harare,1,139,4
Zuri,5,139,4
Bahari,2,139,4
Ilanga,1,139,4
Majengo,1,139,4
Lusaka,1,138,4
Rural,74,138,4
Abidjan,2,138,4
Amina,2,138,4
Asmara,6,138,4
Bello,3,138,4
Dahabu,1,138,4
Pwani,3,138,4
Deka,1,138,4
Zanzibar,1,138,4
Amara,1,138,4
Harare,1,138,4
Mrembo,1,138,4
Zuri,5,138,4
Kintampo,1,137,4
Rural,88,137,4
Abidjan,1,137,4
Amina,1,137,4
Asmara,1,137,4
Bello,4,137,4
Dahabu,2,137,4
Pwani,1,137,4
Amara,2,137,4
Mrembo,1,137,4
Zuri,8,137,4
Ilanga,1,137,4
Kofi,1,137,4
Kintampo,1,136,4
Rural,76,136,4
Abidjan,1,136,4
Amina,3,136,4
Asmara,5,136,4
Bello,4,136,4
Dahabu,1,136,4
Pwani,2,136,4
Deka,1,136,4
Harare,1,136,4
Mrembo,1,136,4
Zuri,9,136,4
Bahari,1,136,4
Cheche,1,136,4
Majengo,1,136,4
Kintampo,1,135,4
Lusaka,2,135,4
Rural,67,135,4
Abidjan,2,135,4
Amina,1,135,4
Asmara,5,135,4
Bello,3,135,4
Dahabu,1,135,4
Pwani,1,135,4
Mrembo,1,135,4
Zuri,5,135,4
Bahari,1,135,4
Kofi,1,135,4
Lusaka,2,134,4
Rural,78,134,4
Abidjan,3,134,4
Amina,1,134,4
Asmara,4,134,4
Bello,2,134,4
Dahabu,3,134,4
Pwani,2,134,4
Zanzibar,1,134,4
Amara,1,134,4
Zuri,7,134,4
Kofi,2,134,4
Marang,1,134,4
Harare,2,133,4
Lusaka,2,133,4
Rural,58,133,4
Amina,4,133,4
Asmara,1,133,4
Bello,1,133,4
Dahabu,4,133,4
Pwani,1,133,4
Djenne,2,133,4
Amara,1,133,4
Mrembo,1,133,4
Zuri,7,133,4
Bahari,1,133,4
Kofi,2,133,4
Majengo,2,133,4
Marang,1,133,4
Kintampo,1,132,4
Rural,68,132,4
Abidjan,3,132,4
Asmara,2,132,4
Zanzibar,1,132,4
Harare,2,132,4
Isiqalo,1,132,4
Mrembo,2,132,4
Zuri,6,132,4
Cheche,2,132,4
Majengo,1,132,4
Marang,1,132,4
Kintampo,1,131,4
Lusaka,1,131,4
Rural,76,131,4
Amina,1,131,4
Asmara,2,131,4
Bello,2,131,4
Pwani,3,131,4
Harare,2,131,4
Isiqalo,1,131,4
Zuri,4,131,4
Kintampo,1,130,4
Lusaka,1,130,4
Rural,75,130,4
Abidjan,1,130,4
Amina,1,130,4
Asmara,2,130,4
Dahabu,1,130,4
Pwani,1,130,4
Deka,1,130,4
Zuri,10,130,4
Harare,3,129,4
Lusaka,4,129,4
Rural,65,129,4
Abidjan,1,129,4
Asmara,3,129,4
Bello,1,129,4
Dahabu,1,129,4
Pwani,1,129,4
Serowe,1,129,4
Isiqalo,1,129,4
Mrembo,1,129,4
Zuri,3,129,4
Kintampo,1,128,4
Lusaka,1,128,4
Rural,69,128,4
Abidjan,2,128,4
Asmara,4,128,4
Bello,1,128,4
Dahabu,1,128,4
Pwani,1,128,4
Harare,1,128,4
Mrembo,1,128,4
Zuri,3,128,4
Bahari,1,128,4
Cheche,1,128,4
Ilanga,1,128,4
Majengo,3,128,4
Marang,1,128,4
Kintampo,1,127,4
Lusaka,4,127,4
Rural,87,127,4
Amina,1,127,4
Asmara,5,127,4
Dahabu,3,127,4
Pwani,2,127,4
Amara,1,127,4
Isiqalo,1,127,4
Mrembo,2,127,4
Zuri,7,127,4
Bahari,2,127,4
Cheche,1,127,4
Ilanga,1,127,4
Kofi,1,127,4
Majengo,1,127,4
Marang,1,127,4
Rural,61,126,4
Abidjan,2,126,4
Amina,1,126,4
Asmara,5,126,4
Bello,3,126,4
Dahabu,3,126,4
Pwani,3,126,4
Amara,2,126,4
Isiqalo,1,126,4
Zuri,6,126,4
Cheche,1,126,4
Majengo,1,126,4
Marang,1,126,4
Harare,3,125,4
Lusaka,1,125,4
Rural,65,125,4
Abidjan,1,125,4
Amina,1,125,4
Asmara,9,125,4
Bello,3,125,4
Dahabu,2,125,4
Pwani,1,125,4
Djenne,1,125,4
Zuri,6,125,4
Bahari,1,125,4
Marang,1,125,4
Kintampo,1,124,4
Rural,86,124,4
Amina,3,124,4
Asmara,4,124,4
Bello,2,124,4
Dahabu,3,124,4
Pwani,2,124,4
Zanzibar,1,124,4
Isiqalo,2,124,4
Mrembo,2,124,4
Zuri,3,124,4
Ilanga,1,124,4
Marang,1,124,4
Rural,91,123,4
Abidjan,1,123,4
Asmara,4,123,4
Bello,4,123,4
Dahabu,3,123,4
Pwani,1,123,4
Serowe,1,123,4
Harare,1,123,4
Mrembo,2,123,4
Zuri,8,123,4
Ilanga,1,123,4
Kofi,1,123,4
Kintampo,2,122,4
Rural,75,122,4
Abidjan,2,122,4
Asmara,2,122,4
Bello,1,122,4
Dahabu,5,122,4
Pwani,1,122,4
Amara,2,122,4
Harare,1,122,4
Zuri,9,122,4
Lusaka,1,121,4
Rural,67,121,4
Abidjan,2,121,4
Amina,2,121,4
Asmara,1,121,4
Bello,3,121,4
Dahabu,1,121,4
Pwani,5,121,4
Zanzibar,2,121,4
Harare,1,121,4
Isiqalo,2,121,4
Mrembo,1,121,4
Zuri,6,121,4
Cheche,1,121,4
Kofi,1,121,4
Majengo,2,121,4
Harare,3,120,4
Rural,85,120,4
Abidjan,1,120,4
Asmara,1,120,4
Bello,1,120,4
Dahabu,2,120,4
Pwani,1,120,4
Mrembo,1,120,4
Zuri,5,120,4
Bahari,1,120,4
Cheche,1,120,4
Kofi,1,120,4
Marang,1,120,4
Rural,79,119,3
Asmara,7,119,3
Bello,5,119,3
Dahabu,2,119,3
Pwani,6,119,3
Deka,1,119,3
Amara,1,119,3
Zuri,6,119,3
Cheche,1,119,3
Ilanga,1,119,3
Marang,1,119,3
Harare,2,118,3
Kintampo,1,118,3
Rural,81,118,3
Abidjan,1,118,3
Amina,1,118,3
Asmara,1,118,3
Bello,3,118,3
Dahabu,6,118,3
Pwani,1,118,3
Yaounde,2,118,3
Zanzibar,1,118,3
Isiqalo,1,118,3
Zuri,5,118,3
Marang,1,118,3
Lusaka,3,117,3
Rural,78,117,3
Abidjan,1,117,3
Amina,1,117,3
Asmara,5,117,3
Bello,2,117,3
Dahabu,5,117,3
Pwani,1,117,3
Djenne,1,117,3
Amara,1,117,3
Isiqalo,1,117,3
Zuri,10,117,3
Rural,83,116,3
Abidjan,1,116,3
Amina,2,116,3
Asmara,6,116,3
Bello,3,116,3
Dahabu,4,116,3
Pwani,3,116,3
Amara,1,116,3
Mrembo,1,116,3
Zuri,8,116,3
Bahari,1,116,3
Ilanga,2,116,3
Marang,1,116,3
Harare,4,115,3
Rural,78,115,3
Abidjan,2,115,3
Amina,1,115,3
Asmara,2,115,3
Bello,3,115,3
Dahabu,5,115,3
Pwani,2,115,3
Zanzibar,1,115,3
Amara,1,115,3
Mrembo,2,115,3
Zuri,6,115,3
Cheche,1,115,3
Ilanga,1,115,3
Kofi,1,115,3
Majengo,2,115,3
Harare,3,114,3
Lusaka,3,114,3
Rural,64,114,3
Abidjan,1,114,3
Asmara,5,114,3
Bello,2,114,3
Dahabu,2,114,3
Pwani,1,114,3
Deka,1,114,3
Mrembo,1,114,3
Zuri,9,114,3
Bahari,1,114,3
Harare,2,113,3
Kintampo,3,113,3
Rural,76,113,3
Abidjan,3,113,3
Amina,1,113,3
Asmara,6,113,3
Bello,1,113,3
Dahabu,2,113,3
Pwani,3,113,3
Zanzibar,1,113,3
Amara,1,113,3
Mrembo,2,113,3
Zuri,2,113,3
Ilanga,1,113,3
Majengo,1,113,3
Marang,1,113,3
Lusaka,2,112,3
Rural,76,112,3
Abidjan,1,112,3
Amina,2,112,3
Asmara,1,112,3
Bello,4,112,3
Dahabu,4,112,3
Pwani,4,112,3
Djenne,1,112,3
Amara,1,112,3
Harare,1,112,3
Zuri,5,112,3
Cheche,1,112,3
Kofi,2,112,3
Majengo,1,112,3
Harare,2,111,3
Kintampo,1,111,3
Lusaka,2,111,3
Rural,88,111,3
Abidjan,2,111,3
Amina,1,111,3
Asmara,3,111,3
Bello,2,111,3
Pwani,2,111,3
Zanzibar,1,111,3
Amara,1,111,3
Isiqalo,1,111,3
Mrembo,1,111,3
Zuri,7,111,3
Harare,2,110,3
Rural,87,110,3
Abidjan,1,110,3
Asmara,1,110,3
Bello,1,110,3
Dahabu,3,110,3
Pwani,4,110,3
Zanzibar,1,110,3
Isiqalo,1,110,3
Mrembo,1,110,3
Zuri,10,110,3
Ilanga,2,110,3
Kofi,1,110,3
Majengo,1,110,3
Marang,1,110,3
Kintampo,1,109,3
Rural,71,109,3
Abidjan,1,109,3
Asmara,10,109,3
Bello,4,109,3
Dahabu,2,109,3
Amara,1,109,3
Harare,1,109,3
Isiqalo,2,109,3
Zuri,6,109,3
Kofi,1,109,3
Rural,71,108,3
Abidjan,4,108,3
Amina,1,108,3
Asmara,2,108,3
Bello,5,108,3
Dahabu,1,108,3
Pwani,2,108,3
Serowe,1,108,3
Harare,1,108,3
Mrembo,2,108,3
Zuri,11,108,3
Ilanga,1,108,3
Kofi,1,108,3
Harare,1,107,3
Lusaka,1,107,3
Rural,69,107,3
Amina,1,107,3
Asmara,3,107,3
Bello,2,107,3
Dahabu,4,107,3
Pwani,1,107,3
Deka,1,107,3
Zanzibar,1,107,3
Isiqalo,1,107,3
Mrembo,1,107,3
Zuri,8,107,3
Ilanga,1,107,3
Majengo,1,107,3
Rural,84,106,3
Asmara,4,106,3
Bello,3,106,3
Dahabu,3,106,3
Djenne,1,106,3
Isiqalo,2,106,3
Zuri,6,106,3
Kofi,1,106,3
Majengo,2,106,3
Harare,1,105,3
Lusaka,1,105,3
Rural,80,105,3
Abidjan,4,105,3
Asmara,2,105,3
Bello,2,105,3
Dahabu,3,105,3
Pwani,5,105,3
Amina,1,105,3
Mrembo,1,105,3
Zuri,7,105,3
Ilanga,2,105,3
Marang,1,105,3
Lusaka,2,104,3
Rural,94,104,3
Abidjan,4,104,3
Amina,2,104,3
Asmara,4,104,3
Bello,3,104,3
Dahabu,4,104,3
Pwani,2,104,3
Deka,1,104,3
Serowe,1,104,3
Amara,1,104,3
Mrembo,1,104,3
Zuri,6,104,3
Bahari,1,104,3
Lusaka,3,103,3
Rural,62,103,3
Abidjan,2,103,3
Amina,1,103,3
Asmara,3,103,3
Bello,4,103,3
Dahabu,6,103,3
Pwani,4,103,3
Amara,2,103,3
Harare,2,103,3
Isiqalo,1,103,3
Mrembo,1,103,3
Zuri,10,103,3
Majengo,1,103,3
Marang,1,103,3
Harare,2,102,3
Kintampo,1,102,3
Rural,87,102,3
Amina,1,102,3
Asmara,1,102,3
Bello,6,102,3
Dahabu,5,102,3
Pwani,3,102,3
Deka,1,102,3
Amara,1,102,3
Isiqalo,1,102,3
Mrembo,1,102,3
Zuri,6,102,3
Ilanga,2,102,3
Marang,1,102,3
Kintampo,1,101,3
Lusaka,2,101,3
Rural,71,101,3
Abidjan,2,101,3
Asmara,3,101,3
Bello,1,101,3
Dahabu,4,101,3
Pwani,1,101,3
Serowe,1,101,3
Zanzibar,1,101,3
Harare,2,101,3
Mrembo,2,101,3
Zuri,5,101,3
Kofi,1,101,3
Majengo,1,101,3
Marang,1,101,3
Harare,3,100,3
Kintampo,1,100,3
Rural,93,100,3
Abidjan,1,100,3
Asmara,1,100,3
Bello,2,100,3
Dahabu,5,100,3
Pwani,2,100,3
Zanzibar,1,100,3
Amara,1,100,3
Zuri,13,100,3
Kofi,2,100,3
Rural,94,99,3
Amina,1,99,3
Asmara,3,99,3
Bello,1,99,3
Dahabu,2,99,3
Pwani,1,99,3
Serowe,1,99,3
Amara,2,99,3
Harare,1,99,3
Zuri,10,99,3
Kofi,1,99,3
Marang,1,99,3
Kintampo,2,98,3
Lusaka,4,98,3
Rural,90,98,3
Asmara,5,98,3
Bello,2,98,3
Dahabu,1,98,3
Pwani,1,98,3
Zanzibar,1,98,3
Amara,2,98,3
Harare,1,98,3
Isiqalo,1,98,3
Zuri,12,98,3
Bahari,2,98,3
Majengo,1,98,3
Lusaka,1,97,3
Rural,90,97,3
Amina,1,97,3
Asmara,1,97,3
Bello,3,97,3
Dahabu,3,97,3
Pwani,2,97,3
Zanzibar,2,97,3
Harare,1,97,3
Isiqalo,1,97,3
Mrembo,2,97,3
Zuri,5,97,3
Marang,1,97,3
Harare,4,96,3
Lusaka,1,96,3
Rural,70,96,3
Abidjan,2,96,3
Asmara,2,96,3
Dahabu,5,96,3
Amina,1,96,3
Serowe,1,96,3
Zuri,3,96,3
Bahari,1,96,3
Majengo,1,96,3
Lusaka,1,95,3
Rural,94,95,3
Abidjan,3,95,3
Amina,2,95,3
Asmara,1,95,3
Dahabu,2,95,3
Pwani,1,95,3
Serowe,1,95,3
Yaounde,1,95,3
Amara,1,95,3
Isiqalo,1,95,3
Zuri,11,95,3
Bahari,1,95,3
Ilanga,3,95,3
Kofi,1,95,3
Marang,1,95,3
Harare,1,94,3
Lusaka,1,94,3
Rural,77,94,3
Abidjan,2,94,3
Amina,3,94,3
Asmara,4,94,3
Bello,3,94,3
Dahabu,2,94,3
Pwani,3,94,3
Isiqalo,1,94,3
Mrembo,1,94,3
Zuri,4,94,3
Harare,1,93,3
Kintampo,2,93,3
Rural,74,93,3
Abidjan,1,93,3
Asmara,5,93,3
Dahabu,4,93,3
Amara,1,93,3
Isiqalo,1,93,3
Mrembo,1,93,3
Zuri,7,93,3
Bahari,1,93,3
Kofi,1,93,3
Majengo,1,93,3
Harare,1,92,3
Lusaka,1,92,3
Rural,72,92,3
Abidjan,2,92,3
Amina,1,92,3
Bello,2,92,3
Pwani,2,92,3
Zuri,6,92,3
Ilanga,1,92,3
Kofi,1,92,3
Majengo,2,92,3
Kintampo,1,91,3
Lusaka,2,91,3
Rural,86,91,3
Abidjan,1,91,3
Asmara,4,91,3
Dahabu,4,91,3
Pwani,2,91,3
Djenne,1,91,3
Yaounde,1,91,3
Mrembo,1,91,3
Zuri,8,91,3
Bahari,1,91,3
Ilanga,1,91,3
Majengo,2,91,3
Rural,70,90,3
Amina,1,90,3
Asmara,6,90,3
Bello,3,90,3
Dahabu,1,90,3
Pwani,3,90,3
Harare,1,90,3
Zuri,9,90,3
Cheche,1,90,3
Rural,86,89,2
Abidjan,4,89,2
Amina,1,89,2
Asmara,6,89,2
Bello,3,89,2
Dahabu,2,89,2
Pwani,1,89,2
Djenne,1,89,2
Amara,1,89,2
Harare,1,89,2
Zuri,6,89,2
Cheche,2,89,2
Ilanga,1,89,2
Kofi,1,89,2
Majengo,1,89,2
Harare,4,88,2
Rural,74,88,2
Abidjan,1,88,2
Amina,1,88,2
Asmara,3,88,2
Bello,2,88,2
Dahabu,3,88,2
Pwani,4,88,2
Djenne,1,88,2
Serowe,1,88,2
Mrembo,1,88,2
Zuri,6,88,2
Bahari,1,88,2
Kofi,1,88,2
Harare,2,87,2
Kintampo,1,87,2
Lusaka,1,87,2
Rural,79,87,2
Abidjan,2,87,2
Amina,1,87,2
Asmara,3,87,2
Bello,2,87,2
Dahabu,4,87,2
Pwani,2,87,2
Deka,2,87,2
Yaounde,1,87,2
Isiqalo,2,87,2
Zuri,9,87,2
Bahari,2,87,2
Majengo,1,87,2
Kintampo,1,86,2
Lusaka,2,86,2
Rural,79,86,2
Abidjan,1,86,2
Asmara,3,86,2
Dahabu,1,86,2
Deka,1,86,2
Djenne,1,86,2
Zanzibar,1,86,2
Mrembo,1,86,2
Zuri,5,86,2
Cheche,1,86,2
Ilanga,3,86,2
Majengo,3,86,2
Marang,1,86,2
Lusaka,2,85,2
Rural,87,85,2
Abidjan,1,85,2
Asmara,1,85,2
Dahabu,3,85,2
Pwani,5,85,2
Deka,1,85,2
Zanzibar,1,85,2
Amara,1,85,2
Harare,1,85,2
Isiqalo,1,85,2
Mrembo,1,85,2
Zuri,10,85,2
Cheche,1,85,2
Ilanga,1,85,2
Kofi,1,85,2
Lusaka,4,84,2
Rural,89,84,2
Abidjan,5,84,2
Amina,3,84,2
Asmara,5,84,2
Bello,1,84,2
Dahabu,4,84,2
Pwani,4,84,2
Amara,1,84,2
Harare,2,84,2
Zuri,5,84,2
Cheche,2,84,2
Majengo,2,84,2
Harare,2,83,2
Kintampo,1,83,2
Lusaka,4,83,2
Rural,68,83,2
Abidjan,2,83,2
Amina,1,83,2
Asmara,3,83,2
Bello,1,83,2
Dahabu,4,83,2
Pwani,1,83,2
Amara,1,83,2
Isiqalo,1,83,2
Zuri,6,83,2
Kintampo,1,82,2
Rural,68,82,2
Abidjan,2,82,2
Asmara,5,82,2
Bello,2,82,2
Dahabu,1,82,2
Pwani,2,82,2
Yaounde,1,82,2
Amara,1,82,2
Harare,2,82,2
Isiqalo,1,82,2
Zuri,11,82,2
Cheche,1,82,2
Kofi,2,82,2
Lusaka,1,81,2
Rural,71,81,2
Asmara,2,81,2
Bello,1,81,2
Dahabu,3,81,2
Pwani,5,81,2
Djenne,1,81,2
Harare,1,81,2
Mrembo,1,81,2
Zuri,6,81,2
Bahari,1,81,2
Ilanga,2,81,2
Kofi,1,81,2
Marang,1,81,2
Harare,2,80,2
Lusaka,1,80,2
Rural,78,80,2
Amina,1,80,2
Asmara,7,80,2
Bello,5,80,2
Dahabu,3,80,2
Pwani,2,80,2
Mrembo,2,80,2
Zuri,9,80,2
Ilanga,1,80,2
Majengo,1,80,2
Harare,2,79,2
Kintampo,1,79,2
Lusaka,1,79,2
Rural,84,79,2
Abidjan,2,79,2
Amina,3,79,2
Asmara,2,79,2
Bello,1,79,2
Dahabu,4,79,2
Pwani,3,79,2
Deka,1,79,2
Amara,1,79,2
Zuri,8,79,2
Cheche,1,79,2
Majengo,1,79,2
Lusaka,2,78,2
Rural,65,78,2
Amina,1,78,2
Asmara,3,78,2
Dahabu,8,78,2
Pwani,2,78,2
Djenne,1,78,2
Zanzibar,1,78,2
Amara,1,78,2
Harare,1,78,2
Isiqalo,1,78,2
Mrembo,1,78,2
Zuri,4,78,2
Cheche,1,78,2
Ilanga,1,78,2
Kofi,1,78,2
Majengo,1,78,2
Harare,4,77,2
Lusaka,1,77,2
Rural,91,77,2
Abidjan,2,77,2
Asmara,2,77,2
Bello,2,77,2
Dahabu,3,77,2
Amina,1,77,2
Amara,1,77,2
Isiqalo,3,77,2
Mrembo,1,77,2
Zuri,4,77,2
Kofi,1,77,2
Majengo,1,77,2
Kintampo,1,76,2
Rural,82,76,2
Abidjan,1,76,2
Amina,1,76,2
Asmara,6,76,2
Bello,3,76,2
Dahabu,5,76,2
Pwani,1,76,2
Isiqalo,2,76,2
Mrembo,1,76,2
Zuri,7,76,2
Cheche,1,76,2
Majengo,2,76,2
Rural,91,75,2
Abidjan,2,75,2
Amina,2,75,2
Asmara,1,75,2
Dahabu,2,75,2
Pwani,2,75,2
Serowe,1,75,2
Harare,1,75,2
Isiqalo,2,75,2
Zuri,5,75,2
Marang,1,75,2
Kintampo,1,74,2
Lusaka,2,74,2
Rural,62,74,2
Amina,2,74,2
Asmara,3,74,2
Dahabu,3,74,2
Pwani,1,74,2
Zanzibar,1,74,2
Amara,1,74,2
Isiqalo,2,74,2
Mrembo,4,74,2
Zuri,8,74,2
Cheche,1,74,2
Ilanga,1,74,2
Kofi,1,74,2
Majengo,1,74,2
Rural,82,73,2
Abidjan,1,73,2
Asmara,2,73,2
Bello,2,73,2
Dahabu,2,73,2
Pwani,2,73,2
Amina,2,73,2
Yaounde,1,73,2
Zanzibar,2,73,2
Harare,1,73,2
Isiqalo,1,73,2
Zuri,7,73,2
Bahari,1,73,2
Ilanga,1,73,2
Lusaka,2,72,2
Rural,91,72,2
Abidjan,2,72,2
Amina,3,72,2
Asmara,3,72,2
Bello,3,72,2
Dahabu,1,72,2
Pwani,1,72,2
Serowe,1,72,2
Yaounde,1,72,2
Amara,1,72,2
Harare,1,72,2
Zuri,10,72,2
Bahari,1,72,2
Cheche,1,72,2
Marang,1,72,2
Harare,1,71,2
Kintampo,1,71,2
Rural,87,71,2
Abidjan,1,71,2
Amina,1,71,2
Asmara,5,71,2
Bello,2,71,2
Dahabu,3,71,2
Pwani,3,71,2
Deka,2,71,2
Isiqalo,1,71,2
Zuri,8,71,2
Kofi,3,71,2
Lusaka,2,70,2
Rural,79,70,2
Abidjan,3,70,2
Amina,3,70,2
Asmara,6,70,2
Bello,1,70,2
Dahabu,3,70,2
Pwani,1,70,2
Isiqalo,2,70,2
Zuri,10,70,2
Ilanga,2,70,2
Kofi,1,70,2
Majengo,1,70,2
Marang,1,70,2
Harare,2,69,2
Lusaka,2,69,2
Rural,75,69,2
Abidjan,5,69,2
Amina,2,69,2
Asmara,4,69,2
Bello,4,69,2
Dahabu,5,69,2
Pwani,3,69,2
Zanzibar,1,69,2
Amara,1,69,2
Zuri,11,69,2
Bahari,1,69,2
Majengo,1,69,2
Lusaka,1,68,2
Rural,79,68,2
Abidjan,1,68,2
Amina,3,68,2
Asmara,4,68,2
Bello,3,68,2
Dahabu,2,68,2
Pwani,2,68,2
Zanzibar,1,68,2
Harare,1,68,2
Mrembo,2,68,2
Zuri,8,68,2
Ilanga,1,68,2
Majengo,1,68,2
Marang,1,68,2
Kintampo,1,67,2
Lusaka,2,67,2
Rural,83,67,2
Abidjan,3,67,2
Amina,1,67,2
Asmara,2,67,2
Bello,2,67,2
Dahabu,4,67,2
Pwani,3,67,2
Yaounde,1,67,2
Mrembo,2,67,2
Zuri,9,67,2
Kofi,1,67,2
Majengo,1,67,2
Harare,3,66,2
Kintampo,1,66,2
Rural,73,66,2
Abidjan,4,66,2
Amina,2,66,2
Asmara,4,66,2
Dahabu,4,66,2
Pwani,2,66,2
Isiqalo,1,66,2
Mrembo,2,66,2
Zuri,9,66,2
Marang,1,66,2
Lusaka,2,65,2
Rural,84,65,2
Abidjan,3,65,2
Asmara,2,65,2
Bello,2,65,2
Dahabu,2,65,2
Pwani,2,65,2
Amina,1,65,2
Amara,1,65,2
Zuri,1,65,2
Majengo,1,65,2
Harare,2,64,2
Kintampo,1,64,2
Lusaka,1,64,2
Rural,90,64,2
Abidjan,1,64,2
Amina,2,64,2
Asmara,4,64,2
Bello,2,64,2
Dahabu,1,64,2
Pwani,1,64,2
Djenne,1,64,2
Isiqalo,3,64,2
Mrembo,1,64,2
Zuri,9,64,2
Ilanga,1,64,2
Harare,4,63,2
Rural,82,63,2
Abidjan,2,63,2
Amina,1,63,2
Asmara,3,63,2
Bello,4,63,2
Dahabu,4,63,2
Zanzibar,1,63,2
Isiqalo,1,63,2
Mrembo,1,63,2
Zuri,3,63,2
Cheche,1,63,2
Kofi,1,63,2
Majengo,1,63,2
Harare,1,62,2
Kintampo,1,62,2
Rural,82,62,2
Amina,2,62,2
Asmara,4,62,2
Dahabu,2,62,2
Serowe,1,62,2
Amara,2,62,2
Isiqalo,1,62,2
Mrembo,1,62,2
Zuri,6,62,2
Bahari,1,62,2
Ilanga,1,62,2
Kofi,1,62,2
Majengo,1,62,2
Lusaka,2,61,2
Rural,115,61,2
Abidjan,1,61,2
Amina,1,61,2
Asmara,9,61,2
Bello,1,61,2
Dahabu,2,61,2
Amara,1,61,2
Mrembo,1,61,2
Zuri,7,61,2
Ilanga,1,61,2
Harare,2,60,2
Rural,83,60,2
Abidjan,2,60,2
Asmara,4,60,2
Bello,2,60,2
Dahabu,6,60,2
Pwani,2,60,2
Serowe,1,60,2
Zanzibar,1,60,2
Mrembo,3,60,2
Zuri,14,60,2
Cheche,1,60,2
Ilanga,1,60,2
Kofi,2,60,2
Majengo,1,60,2
Marang,1,60,2
Lusaka,2,59,1
Rural,78,59,1
Abidjan,1,59,1
Amina,2,59,1
Asmara,4,59,1
Bello,4,59,1
Dahabu,2,59,1
Pwani,2,59,1
Isiqalo,2,59,1
Zuri,5,59,1
Majengo,2,59,1
Marang,1,59,1
Harare,2,58,1
Kintampo,1,58,1
Rural,78,58,1
Abidjan,4,58,1
Amina,2,58,1
Asmara,3,58,1
Bello,3,58,1
Dahabu,4,58,1
Pwani,2,58,1
Yaounde,1,58,1
Amara,1,58,1
Isiqalo,1,58,1
Mrembo,2,58,1
Zuri,9,58,1
Lusaka,1,57,1
Rural,73,57,1
Asmara,4,57,1
Dahabu,6,57,1
Pwani,3,57,1
Amina,1,57,1
Isiqalo,1,57,1
Mrembo,2,57,1
Zuri,4,57,1
Cheche,1,57,1
Ilanga,2,57,1
Rural,87,56,1
Abidjan,1,56,1
Asmara,2,56,1
Bello,2,56,1
Dahabu,2,56,1
Pwani,3,56,1
Zanzibar,1,56,1
Amara,1,56,1
Mrembo,1,56,1
Zuri,5,56,1
Cheche,1,56,1
Marang,1,56,1
Kintampo,1,55,1
Lusaka,1,55,1
Rural,79,55,1
Amina,1,55,1
Asmara,4,55,1
Bello,1,55,1
Dahabu,1,55,1
Pwani,5,55,1
Zanzibar,1,55,1
Amara,1,55,1
Harare,1,55,1
Zuri,6,55,1
Harare,2,54,1
Rural,84,54,1
Abidjan,2,54,1
Asmara,3,54,1
Bello,1,54,1
Dahabu,4,54,1
Pwani,1,54,1
Yaounde,1,54,1
Isiqalo,3,54,1
Zuri,5,54,1
Cheche,1,54,1
Ilanga,1,54,1
Majengo,2,54,1
Harare,3,53,1
Kintampo,1,53,1
Rural,83,53,1
Abidjan,2,53,1
Amina,1,53,1
Asmara,7,53,1
Bello,1,53,1
Dahabu,3,53,1
Serowe,1,53,1
Isiqalo,1,53,1
Mrembo,1,53,1
Zuri,6,53,1
Ilanga,1,53,1
Majengo,3,53,1
Marang,1,53,1
Harare,1,52,1
Kintampo,1,52,1
Lusaka,1,52,1
Rural,93,52,1
Abidjan,2,52,1
Asmara,2,52,1
Bello,1,52,1
Dahabu,2,52,1
Pwani,3,52,1
Amina,1,52,1
Isiqalo,1,52,1
Mrembo,1,52,1
Zuri,6,52,1
Bahari,1,52,1
Cheche,2,52,1
Harare,3,51,1
Kintampo,1,51,1
Rural,75,51,1
Abidjan,2,51,1
Amina,1,51,1
Asmara,6,51,1
Bello,1,51,1
Dahabu,5,51,1
Pwani,3,51,1
Yaounde,1,51,1
Mrembo,2,51,1
Zuri,5,51,1
Bahari,1,51,1
Ilanga,1,51,1
Kofi,1,51,1
Majengo,1,51,1
Harare,3,50,1
Rural,67,50,1
Abidjan,1,50,1
Asmara,1,50,1
Bello,2,50,1
Dahabu,4,50,1
Pwani,3,50,1
Yaounde,1,50,1
Isiqalo,1,50,1
Mrembo,1,50,1
Zuri,4,50,1
Kofi,1,50,1
Majengo,1,50,1
Lusaka,1,49,1
Rural,71,49,1
Abidjan,3,49,1
Amina,2,49,1
Asmara,3,49,1
Bello,1,49,1
Dahabu,4,49,1
Pwani,1,49,1
Isiqalo,1,49,1
Mrembo,1,49,1
Zuri,5,49,1
Majengo,2,49,1
Marang,1,49,1
Kintampo,1,48,1
Rural,83,48,1
Amina,2,48,1
Asmara,5,48,1
Bello,2,48,1
Dahabu,4,48,1
Deka,2,48,1
Isiqalo,1,48,1
Mrembo,1,48,1
Zuri,6,48,1
Cheche,1,48,1
Majengo,2,48,1
Rural,86,47,1
Amina,2,47,1
Asmara,3,47,1
Dahabu,1,47,1
Pwani,4,47,1
Harare,1,47,1
Isiqalo,1,47,1
Mrembo,2,47,1
Zuri,7,47,1
Ilanga,1,47,1
Majengo,2,47,1
Marang,1,47,1
Lusaka,1,46,1
Rural,79,46,1
Abidjan,1,46,1
Amina,1,46,1
Asmara,3,46,1
Bello,2,46,1
Dahabu,3,46,1
Pwani,1,46,1
Mrembo,2,46,1
Zuri,3,46,1
Marang,1,46,1
Harare,5,45,1
Lusaka,1,45,1
Rural,84,45,1
Abidjan,1,45,1
Amina,2,45,1
Asmara,2,45,1
Dahabu,1,45,1
Zanzibar,1,45,1
Amara,1,45,1
Mrembo,2,45,1
Zuri,12,45,1
Bahari,1,45,1
Cheche,2,45,1
Majengo,2,45,1
Harare,1,44,1
Rural,73,44,1
Abidjan,2,44,1
Amina,2,44,1
Asmara,3,44,1
Bello,2,44,1
Dahabu,3,44,1
Pwani,3,44,1
Isiqalo,1,44,1
Mrembo,1,44,1
Zuri,6,44,1
Cheche,1,44,1
Ilanga,1,44,1
Lusaka,3,43,1
Rural,72,43,1
Abidjan,4,43,1
Asmara,6,43,1
Bello,1,43,1
Pwani,2,43,1
Amina,1,43,1
Deka,1,43,1
Djenne,1,43,1
Serowe,1,43,1
Mrembo,1,43,1
Zuri,6,43,1
Cheche,1,43,1
Majengo,1,43,1
Marang,1,43,1
Harare,1,42,1
Kintampo,1,42,1
Lusaka,1,42,1
Rural,76,42,1
Amina,4,42,1
Asmara,4,42,1
Bello,5,42,1
Dahabu,1,42,1
Pwani,5,42,1
Deka,1,42,1
Zanzibar,1,42,1
Amara,1,42,1
Zuri,7,42,1
Bahari,2,42,1
Majengo,2,42,1
Marang,2,42,1
Harare,2,41,1
Rural,81,41,1
Abidjan,1,41,1
Asmara,2,41,1
Bello,5,41,1
Dahabu,5,41,1
Pwani,2,41,1
Djenne,1,41,1
Mrembo,2,41,1
Zuri,8,41,1
Kofi,1,41,1
Marang,1,41,1
Harare,1,40,1
Rural,83,40,1
Abidjan,2,40,1
Asmara,3,40,1
Bello,3,40,1
Dahabu,5,40,1
Pwani,2,40,1
Deka,1,40,1
Serowe,1,40,1
Isiqalo,1,40,1
Zuri,4,40,1
Ilanga,4,40,1
Harare,2,39,1
Kintampo,2,39,1
Rural,88,39,1
Abidjan,1,39,1
Asmara,1,39,1
Bello,2,39,1
Dahabu,2,39,1
Djenne,1,39,1
Serowe,1,39,1
Yaounde,1,39,1
Mrembo,1,39,1
Zuri,4,39,1
Cheche,2,39,1
Ilanga,1,39,1
Kofi,1,39,1
Majengo,2,39,1
Marang,1,39,1
Lusaka,2,38,1
Rural,71,38,1
Amina,3,38,1
Asmara,2,38,1
Bello,1,38,1
Dahabu,3,38,1
Amara,2,38,1
Isiqalo,1,38,1
Mrembo,1,38,1
Zuri,5,38,1
Ilanga,1,38,1
Kofi,1,38,1
Harare,2,37,1
Rural,64,37,1
Abidjan,7,37,1
Asmara,5,37,1
Bello,1,37,1
Pwani,2,37,1
Amina,1,37,1
Serowe,1,37,1
Mrembo,1,37,1
Zuri,1,37,1
Bahari,1,37,1
Lusaka,1,36,1
Rural,49,36,1
Abidjan,2,36,1
Amina,2,36,1
Asmara,3,36,1
Bello,2,36,1
Dahabu,3,36,1
Pwani,2,36,1
Zuri,7,36,1
Cheche,2,36,1
Kofi,2,36,1
Harare,1,35,1
Lusaka,3,35,1
Rural,54,35,1
Asmara,4,35,1
Dahabu,3,35,1
Pwani,2,35,1
Zuri,7,35,1
Majengo,1,35,1
Harare,1,34,1
Rural,70,34,1
Abidjan,2,34,1
Asmara,6,34,1
Dahabu,5,34,1
Pwani,2,34,1
Amara,1,34,1
Zuri,7,34,1
Cheche,2,34,1
Kofi,1,34,1
Majengo,1,34,1
Rural,63,33,1
Abidjan,4,33,1
Pwani,3,33,1
Zuri,6,33,1
Cheche,1,33,1
Kofi,1,33,1
Rural,60,32,1
Abidjan,1,32,1
Amina,3,32,1
Asmara,4,32,1
Bello,1,32,1
Dahabu,5,32,1
Pwani,1,32,1
Mrembo,3,32,1
Zuri,7,32,1
Marang,1,32,1
Kintampo,1,31,1
Lusaka,1,31,1
Rural,54,31,1
Abidjan,2,31,1
Asmara,2,31,1
Bello,1,31,1
Dahabu,5,31,1
Djenne,1,31,1
Mrembo,1,31,1
Zuri,4,31,1
Ilanga,1,31,1
Majengo,1,31,1
Harare,8,30,1
Kintampo,3,30,1
Lusaka,7,30,1
Rural,648,30,1
Abidjan,18,30,1
Amina,10,30,1
Asmara,27,30,1
Bello,11,30,1
Dahabu,17,30,1
Pwani,23,30,1
Djenne,1,30,1
Serowe,5,30,1
Yaounde,2,30,1
Zanzibar,3,30,1
Amara,8,30,1
Isiqalo,5,30,1
Mrembo,4,30,1
Zuri,26,30,1
Bahari,1,30,1
Cheche,3,30,1
Ilanga,4,30,1
Kofi,3,30,1
Majengo,5,30,1
Marang,3,30,1
